Datetime,Water Level (m)
2025-11-08 00:00:00,0.24350333
2025-11-08 01:00:00,0.11485672
2025-11-08 02:00:00,-0.024826577
2025-11-08 03:00:00,-0.16972426
2025-11-08 04:00:00,-0.28424957
2025-11-08 05:00:00,-0.1950053
2025-11-08 06:00:00,0.10950095
2025-11-08 07:00:00,0.3742198
2025-11-08 08:00:00,0.49266082
2025-11-08 09:00:00,0.49500197
2025-11-08 10:00:00,0.35937867
2025-11-08 11:00:00,0.16694188
2025-11-08 12:00:00,0.01772186
2025-11-08 13:00:00,-0.10115969
2025-11-08 14:00:00,-0.23582263
2025-11-08 15:00:00,-0.3612291
2025-11-08 16:00:00,-0.44882455
2025-11-08 17:00:00,-0.26650277
2025-11-08 18:00:00,0.07277118
2025-11-08 19:00:00,0.38350242
2025-11-08 20:00:00,0.5727361
2025-11-08 21:00:00,0.69421
2025-11-08 22:00:00,0.6926635
2025-11-08 23:00:00,0.52309865
2025-11-09 00:00:00,0.34367886
2025-11-09 01:00:00,0.21406111
2025-11-09 02:00:00,0.08687191
2025-11-09 03:00:00,-0.041119236
2025-11-09 04:00:00,-0.17502505
2025-11-09 05:00:00,-0.25304437
2025-11-09 06:00:00,-0.06345512
2025-11-09 07:00:00,0.22290911
2025-11-09 08:00:00,0.39968884
2025-11-09 09:00:00,0.45112723
2025-11-09 10:00:00,0.40599656
2025-11-09 11:00:00,0.26312682
2025-11-09 12:00:00,0.10255312
2025-11-09 13:00:00,-0.021147171
2025-11-09 14:00:00,-0.13919415
2025-11-09 15:00:00,-0.26562873
2025-11-09 16:00:00,-0.37466615
2025-11-09 17:00:00,-0.4047675
2025-11-09 18:00:00,-0.1445197
2025-11-09 19:00:00,0.1868188
2025-11-09 20:00:00,0.42779115
2025-11-09 21:00:00,0.5891091
2025-11-09 22:00:00,0.6719614
2025-11-09 23:00:00,0.6271467
2025-11-10 00:00:00,0.45316488
2025-11-10 01:00:00,0.30445653
2025-11-10 02:00:00,0.1832311
2025-11-10 03:00:00,0.059976846
2025-11-10 04:00:00,-0.060531873
2025-11-10 05:00:00,-0.18032601
2025-11-10 06:00:00,-0.22546397
2025-11-10 07:00:00,-0.046072777
2025-11-10 08:00:00,0.18553272
2025-11-10 09:00:00,0.32191303
2025-11-10 10:00:00,0.36010775
2025-11-10 11:00:00,0.31494924
2025-11-10 12:00:00,0.19008853
2025-11-10 13:00:00,0.043640178
2025-11-10 14:00:00,-0.07090717
2025-11-10 15:00:00,-0.18458995
2025-11-10 16:00:00,-0.29280978
2025-11-10 17:00:00,-0.3745565
2025-11-10 18:00:00,-0.32728702
2025-11-10 19:00:00,-0.07360689
2025-11-10 20:00:00,0.20131387
2025-11-10 21:00:00,0.38198605
2025-11-10 22:00:00,0.50204855
2025-11-10 23:00:00,0.565564
2025-11-11 00:00:00,0.5107391
2025-11-11 01:00:00,0.35907778
2025-11-11 02:00:00,0.2225991
2025-11-11 03:00:00,0.10369308
2025-11-11 04:00:00,-0.007367903
2025-11-11 05:00:00,-0.13413168
2025-11-11 06:00:00,-0.23203504
2025-11-11 07:00:00,-0.25386304
2025-11-11 08:00:00,-0.08526441
2025-11-11 09:00:00,0.10977551
2025-11-11 10:00:00,0.21756169
2025-11-11 11:00:00,0.25065887
2025-11-11 12:00:00,0.21945307
2025-11-11 13:00:00,0.12355295
2025-11-11 14:00:00,-0.0013957833
2025-11-11 15:00:00,-0.1140002
2025-11-11 16:00:00,-0.21614721
2025-11-11 17:00:00,-0.30384287
2025-11-11 18:00:00,-0.35930997
2025-11-11 19:00:00,-0.27933004
2025-11-11 20:00:00,-0.07535391
2025-11-11 21:00:00,0.14456236
2025-11-11 22:00:00,0.29405168
2025-11-11 23:00:00,0.39388725
2025-11-12 00:00:00,0.4383644
2025-11-12 01:00:00,0.397833
2025-11-12 02:00:00,0.27863178
2025-11-12 03:00:00,0.1541665
2025-11-12 04:00:00,0.03800133
2025-11-12 05:00:00,-0.06891377
2025-11-12 06:00:00,-0.17957452
2025-11-12 07:00:00,-0.27363133
2025-11-12 08:00:00,-0.30190864
2025-11-12 09:00:00,-0.1728734
2025-11-12 10:00:00,0.0094591975
2025-11-12 11:00:00,0.12956093
2025-11-12 12:00:00,0.17126673
2025-11-12 13:00:00,0.16844006
2025-11-12 14:00:00,0.12231675
2025-11-12 15:00:00,0.021149185
2025-11-12 16:00:00,-0.08569387
2025-11-12 17:00:00,-0.17600818
2025-11-12 18:00:00,-0.25238973
2025-11-12 19:00:00,-0.2954925
2025-11-12 20:00:00,-0.2573695
2025-11-12 21:00:00,-0.09563251
2025-11-12 22:00:00,0.0938247
2025-11-12 23:00:00,0.23333246
2025-11-13 00:00:00,0.31987995
2025-11-13 01:00:00,0.35777035
2025-11-13 02:00:00,0.34062254
2025-11-13 03:00:00,0.24624972
2025-11-13 04:00:00,0.12758552
2025-11-13 05:00:00,0.010838662
2025-11-13 06:00:00,-0.11245898
2025-11-13 07:00:00,-0.2119815
2025-11-13 08:00:00,-0.30142307
2025-11-13 09:00:00,-0.34567615
2025-11-13 10:00:00,-0.24793851
2025-11-13 11:00:00,-0.049269494
2025-11-13 12:00:00,0.10302154
2025-11-13 13:00:00,0.180073
2025-11-13 14:00:00,0.21217288
2025-11-13 15:00:00,0.20664075
2025-11-13 16:00:00,0.12981366
2025-11-13 17:00:00,0.01776705
2025-11-13 18:00:00,-0.07280553
2025-11-13 19:00:00,-0.15585838
2025-11-13 20:00:00,-0.2139195
2025-11-13 21:00:00,-0.2309444
2025-11-13 22:00:00,-0.13712816
2025-11-13 23:00:00,0.04335909
2025-11-14 00:00:00,0.20475864
